Cylinders,Displacement,Horsepower,Weight,Acceleration,Model Year,Origin,Car Name,RF_Predicted_MPG,SVR_Predicted_MPG,GBR_Predicted_MPG
4,1500,100,1100,12.5,2025,3,hyundai i20,31.616,22.475965118458305,40.55018948460025
3,998,67,920,14.0,2025,3,maruti swift,33.20099999999999,22.475965118458305,39.99005766202148
6,2000,150,1300,11.0,2025,1,ford mustang eco,22.772,22.475965118458305,33.022736724725554
3,998,90,769,13.0,2017,4,celerio,32.084999999999994,22.475965118458305,39.370388434594496
